,Open_Price,Close_Price,Highest_Price,Lowest_Price,Timestamp_Unix_Msec,ticker
0,6539.42218679871,6533.83663215812,6590.32793296012,6493.57507731977,2023-02-22 06:00:00,ndxt
1,6522.88375539053,6529.77465998736,6572.13592004828,6491.51047650291,2023-02-24 06:00:00,ndxt
2,6622.05569368275,6572.33433229828,6649.50566870219,6564.04840556011,2023-02-27 06:00:00,ndxt
3,6575.12472246601,6594.16227408573,6658.62854234455,6567.85157355874,2023-02-28 06:00:00,ndxt
4,6606.33526467413,6565.67927250491,6651.4905123296,6546.3078251322,2023-03-01 06:00:00,ndxt
5,6490.05233055456,6526.99147868019,6545.13592715572,6479.57034155061,2023-03-02 06:00:00,ndxt
6,6629.78070281105,6672.54864872839,6677.9825286588,6613.45979376073,2023-03-03 06:00:00,ndxt
7,6763.85231457128,6707.65624365655,6830.68380640702,6700.83239489182,2023-03-06 06:00:00,ndxt
8,6709.74044562724,6623.64010321747,6749.64050476368,6603.87824571792,2023-03-07 06:00:00,ndxt
9,6654.95278932615,6713.40019874172,6723.93152058443,6626.80805901725,2023-03-08 06:00:00,ndxt
10,6699.19766657841,6562.76659092239,6790.36067969154,6553.34683080503,2023-03-09 06:00:00,ndxt
11,6568.7485306576,6432.29041715319,6599.02069869352,6404.79702134367,2023-03-10 06:00:00,ndxt
12,6361.61715712547,6466.72707176745,6544.48136075243,6320.79510704878,2023-03-13 05:00:00,ndxt
13,6569.3896900924,6632.83917804606,6644.04691060686,6540.68337111947,2023-03-14 05:00:00,ndxt
14,6557.56919060084,6609.42362644123,6623.55795622998,6499.666500174,2023-03-15 05:00:00,ndxt
15,6590.53305583466,6831.42389301469,6841.63034089262,6589.46867624593,2023-03-16 05:00:00,ndxt
16,6823.75174266619,6785.47669654331,6883.44553389381,6746.25705577404,2023-03-17 05:00:00,ndxt
17,6754.95532660014,6783.622393875,6795.62595409734,6696.43330814199,2023-03-20 05:00:00,ndxt
18,6831.56374013826,6861.56678074677,6884.02961359252,6766.75716739997,2023-03-21 05:00:00,ndxt
19,6855.66086769187,6738.61218281807,6972.86879448772,6736.07925098065,2023-03-22 05:00:00,ndxt
20,6847.67593608407,6900.71675563933,6985.83150717348,6812.34652037642,2023-03-23 05:00:00,ndxt
21,6862.68501815213,6831.22877791413,6870.55769940514,6756.96181628299,2023-03-24 05:00:00,ndxt
22,6847.78661810779,6779.42793728606,6880.59897282224,6753.16795800648,2023-03-27 05:00:00,ndxt
23,6767.04129979524,6737.38124864895,6767.07383540333,6673.79819123509,2023-03-28 05:00:00,ndxt
24,6834.05189183304,6907.48270043692,6929.7631362786,6818.77287228595,2023-03-29 05:00:00,ndxt
25,6983.91038783812,7006.71171435294,7040.81360157889,6965.25284577975,2023-03-30 05:00:00,ndxt
26,6988.6364688483,7129.20231354479,7133.3488464304,6985.57064152844,2023-03-31 05:00:00,ndxt
27,7065.47900395989,7064.5567704567,7086.90666675689,7002.30344964673,2023-04-03 05:00:00,ndxt
28,7083.99348299165,6992.28790504306,7089.88437578072,6963.57404603322,2023-04-04 05:00:00,ndxt
29,6937.27216462394,6843.20778534044,6941.40101974936,6794.19424048274,2023-04-05 05:00:00,ndxt
30,6777.84728228249,6851.38380589384,6870.45377019385,6732.36874060252,2023-04-06 05:00:00,ndxt
31,6786.99046779785,6913.73918400935,6916.87982944011,6772.29890730845,2023-04-10 05:00:00,ndxt
32,6913.42289664297,6886.25339242714,6931.92750114708,6870.83434668423,2023-04-11 05:00:00,ndxt
33,6947.42155267588,6806.47458361831,6965.77455005043,6799.30565804251,2023-04-12 05:00:00,ndxt
34,6835.76445938316,6912.85105916688,6932.89684555712,6833.55069722252,2023-04-13 05:00:00,ndxt
35,6873.50741839305,6887.86953742604,6948.40136030082,6815.12993127275,2023-04-14 05:00:00,ndxt
36,6842.94307134984,6886.90504481109,6889.02938005879,6821.63701573166,2023-04-17 05:00:00,ndxt
37,6958.02506859364,6889.7455670408,6972.02346685476,6855.5946607659,2023-04-18 05:00:00,ndxt
38,6808.1392881103,6836.03420832018,6856.82672506564,6795.09382864402,2023-04-19 05:00:00,ndxt
39,6767.70086784331,6800.48835935444,6879.79543255961,6767.70086784331,2023-04-20 05:00:00,ndxt
40,6780.05254573691,6773.30321419954,6798.71032178115,6719.27813957271,2023-04-21 05:00:00,ndxt
41,6767.29804920031,6734.73302561121,6794.33067972465,6688.47366099312,2023-04-24 05:00:00,ndxt
42,6659.34097393096,6494.21235401657,6661.98332486405,6493.5874775488,2023-04-25 05:00:00,ndxt
43,6585.43420613156,6554.42253553862,6634.35783278892,6531.94837479145,2023-04-26 05:00:00,ndxt
44,6621.46066479485,6666.48536231734,6679.21439972553,6552.9504674014,2023-04-27 05:00:00,ndxt
45,6660.71999396293,6714.22226396917,6715.00927795762,6623.16093769214,2023-04-28 05:00:00,ndxt
46,6699.59422055786,6722.09205281838,6739.45480454418,6685.38820999849,2023-05-01 05:00:00,ndxt
47,6725.04313808093,6641.60538358057,6731.90233125901,6606.91005968753,2023-05-02 05:00:00,ndxt
48,6634.07667360118,6591.67224548647,6698.27644938867,6587.91545031447,2023-05-03 05:00:00,ndxt
49,6589.31612568725,6607.95685676414,6664.24918855562,6579.28809976416,2023-05-04 05:00:00,ndxt
50,6614.47217584228,6712.39922650745,6732.25343885645,6610.63349076355,2023-05-05 05:00:00,ndxt
51,6750.10537991226,6762.17065608322,6768.98596244555,6694.09532250167,2023-05-08 05:00:00,ndxt
52,6709.66297411056,6702.68512226959,6735.03726838843,6690.70903444553,2023-05-09 05:00:00,ndxt
53,6786.45089403013,6805.90562522952,6829.50877754312,6743.12380921525,2023-05-10 05:00:00,ndxt
54,6814.28570889975,6784.06335050803,6816.36493302431,6739.03491027667,2023-05-11 05:00:00,ndxt
55,6791.74879000182,6777.35611857659,6801.57127210391,6720.52635681345,2023-05-12 05:00:00,ndxt
56,6781.03001406866,6928.54511479674,6928.75498276659,6775.21748075919,2023-05-15 05:00:00,ndxt
57,6893.18540474288,6901.34065929589,6948.25531184341,6893.06802632986,2023-05-16 05:00:00,ndxt
58,6937.40619131778,7035.50430888974,7049.89797784605,6901.02524010302,2023-05-17 05:00:00,ndxt
59,7062.14384585802,7225.46476593895,7233.731901566,7060.4411921065,2023-05-18 05:00:00,ndxt
60,7225.92348848682,7206.23943707977,7234.62832639446,7174.28291768633,2023-05-19 05:00:00,ndxt
61,7187.22188380382,7267.82454847079,7290.4873236509,7178.78564192412,2023-05-22 05:00:00,ndxt
62,7211.38965633403,7152.01084168421,7249.86959653318,7149.79783386127,2023-05-23 05:00:00,ndxt
63,7058.95911756777,7082.28056172027,7115.79760753705,7035.87953591741,2023-05-24 05:00:00,ndxt
64,7266.8123296099,7334.66482567768,7359.95962718821,7196.02704191604,2023-05-25 05:00:00,ndxt
65,7463.28630253444,7700.75917144865,7725.95285047561,7459.71103054786,2023-05-26 05:00:00,ndxt
66,7846.21193554931,7716.57355791853,7868.91578830116,7678.07387674068,2023-05-30 05:00:00,ndxt
67,7628.85233159681,7643.04666469903,7702.10883923192,7601.05317274997,2023-05-31 05:00:00,ndxt
68,7604.72814465429,7727.96416059899,7792.72529856575,7577.05062059938,2023-06-01 05:00:00,ndxt
69,7815.48626095461,7758.52314962225,7835.9578101075,7712.1208776854,2023-06-02 05:00:00,ndxt
70,7735.58971055895,7736.64491985523,7780.91818319792,7661.56694552093,2023-06-05 05:00:00,ndxt
71,7713.49432947958,7791.79129249564,7836.96176220296,7697.14655708806,2023-06-06 05:00:00,ndxt
72,7827.23956891319,7633.24694170867,7846.01774160715,7616.02207297637,2023-06-07 05:00:00,ndxt
73,7634.87960781724,7722.79819323282,7743.23333871648,7629.41929923033,2023-06-08 05:00:00,ndxt
74,7791.6728324022,7742.95046779793,7852.35092086964,7701.78091905117,2023-06-09 05:00:00,ndxt
75,7806.31845309209,7955.17007045377,7957.20521612941,7801.44262270285,2023-06-12 05:00:00,ndxt
76,8067.71995682747,8048.75506805084,8078.11757574959,7960.41541942798,2023-06-13 05:00:00,ndxt
77,8019.15892443971,8101.00231224048,8102.11049015739,7962.69403520776,2023-06-14 05:00:00,ndxt
78,8044.07407710053,8164.63497702298,8205.79666609522,8034.23931924127,2023-06-15 05:00:00,ndxt
79,8227.4796183548,8081.73640091378,8232.24861745965,8077.58993685363,2023-06-16 05:00:00,ndxt
80,8025.3134685764,8007.09491731958,8080.67700904476,7939.94237559288,2023-06-20 05:00:00,ndxt
81,7978.08699318551,7818.07547492205,7990.50281140177,7814.21772694656,2023-06-21 05:00:00,ndxt
82,7758.92289175179,7876.43909977592,7885.18629423863,7754.63377758712,2023-06-22 05:00:00,ndxt
83,7754.57111084473,7763.60515323731,7805.57448762531,7718.33200710738,2023-06-23 05:00:00,ndxt
84,7778.49560894829,7746.33164507128,7887.26938560099,7744.85246170821,2023-06-26 05:00:00,ndxt
85,7785.85675325336,7970.21900620065,7987.78415109649,7773.94766100134,2023-06-27 05:00:00,ndxt
86,7901.20654397284,7954.44414728556,8013.99607041783,7888.4130413196,2023-06-28 05:00:00,ndxt
87,7966.15483885874,7937.73193609998,7966.25493515689,7887.09610979451,2023-06-29 05:00:00,ndxt
88,8013.28478572123,8048.89499104954,8078.74208204968,8006.40012963051,2023-06-30 05:00:00,ndxt
89,8056.13865054607,8073.74305479008,8079.98784527199,8009.87964831803,2023-07-03 05:00:00,ndxt
90,8016.76861823195,7995.85228243842,8055.53518264098,7990.01199651919,2023-07-05 05:00:00,ndxt
91,7872.46431974386,7882.22622118498,7888.27524923802,7795.27860227166,2023-07-06 05:00:00,ndxt
92,7885.72447472366,7884.12081238833,7983.69025101489,7872.91552078494,2023-07-07 05:00:00,ndxt
93,7892.92972610817,8054.85335891931,8059.77548848226,7892.52647431287,2023-07-10 05:00:00,ndxt
94,8084.02394021227,8075.31917909035,8095.70979253694,7981.48937056663,2023-07-11 05:00:00,ndxt
95,8192.13866534584,8142.294551667,8193.89251099718,8081.79402401945,2023-07-12 05:00:00,ndxt
96,8223.01305758514,8326.94785741683,8340.90905054405,8215.7728222328,2023-07-13 05:00:00,ndxt
97,8331.48910737385,8286.71156130056,8399.22090295586,8262.20912169549,2023-07-14 05:00:00,ndxt
98,8283.08726688492,8442.15476359995,8474.65455399276,8265.51409685794,2023-07-17 05:00:00,ndxt
99,8417.52500222828,8474.95294687917,8500.02065852117,8359.62054173225,2023-07-18 05:00:00,ndxt
100,8516.13983346629,8441.77738671672,8537.65647331814,8413.88300992465,2023-07-19 05:00:00,ndxt
101,8334.59401422399,8155.1704248921,8366.42163736836,8134.26571806148,2023-07-20 05:00:00,ndxt
102,8236.78807828991,8212.56624049211,8289.4921634602,8188.94933967336,2023-07-21 05:00:00,ndxt
103,8232.77447446065,8200.71676353739,8252.82950061083,8150.37161284673,2023-07-24 05:00:00,ndxt
104,8250.75359818202,8323.07525478456,8361.55429768377,8250.75359818202,2023-07-25 05:00:00,ndxt
105,8242.96759901146,8271.05215382922,8321.88529332857,8204.87182156678,2023-07-26 05:00:00,ndxt
106,8467.77225371718,8351.02401054238,8525.17977464157,8311.61378845385,2023-07-27 05:00:00,ndxt
107,8480.54920223375,8522.97494570826,8535.54002083331,8442.99607898463,2023-07-28 05:00:00,ndxt
108,8569.58077270102,8587.40672503738,8616.69008837667,8542.68732234791,2023-07-31 05:00:00,ndxt
109,8523.7743313426,8597.35739439416,8615.04584591908,8496.19633507701,2023-08-01 05:00:00,ndxt
110,8459.22961844552,8256.74416506429,8459.22961844552,8204.65388776877,2023-08-02 05:00:00,ndxt
111,8187.21536490316,8263.05886770695,8299.00146260714,8173.22628642282,2023-08-03 05:00:00,ndxt
112,8248.55811018477,8171.31277659618,8294.21994680931,8135.6839206415,2023-08-04 05:00:00,ndxt
113,8222.08155709221,8226.75852679894,8239.70705444888,8147.88847540796,2023-08-07 05:00:00,ndxt
114,8042.2568922018,8075.65136015344,8087.6052024851,7970.91998293779,2023-08-08 05:00:00,ndxt
115,8077.4137305947,7974.85842714602,8084.76142798311,7943.79307188233,2023-08-09 05:00:00,ndxt
116,8070.80569437438,8004.92513175486,8165.57531439719,7953.92945390907,2023-08-10 05:00:00,ndxt
117,7903.16547741537,7886.57008954823,7962.94879699986,7866.76245717716,2023-08-11 05:00:00,ndxt
118,7839.50940503122,8034.48679083265,8034.9625834061,7834.4042232949,2023-08-14 05:00:00,ndxt
119,7992.9520983362,7905.43381545916,8007.4151660598,7889.68864126296,2023-08-15 05:00:00,ndxt
120,7893.18239071909,7795.54851666013,7922.70342271318,7793.81081146979,2023-08-16 05:00:00,ndxt
121,7842.51704175538,7705.62924300842,7842.72251365839,7695.5378574123,2023-08-17 05:00:00,ndxt
122,7610.98280553819,7732.52380352995,7759.06500645911,7601.79682699934,2023-08-18 05:00:00,ndxt
123,7805.91811668594,7915.81785993904,7930.86484132682,7804.16680477899,2023-08-21 05:00:00,ndxt
124,7989.85197372231,7874.0541964395,7989.99758054777,7854.54420824753,2023-08-22 05:00:00,ndxt
125,7868.08554530325,8020.13766819364,8046.33123212317,7866.98553730456,2023-08-23 05:00:00,ndxt
126,8135.16789786312,7796.57265340816,8135.5002508706,7792.28982857062,2023-08-24 05:00:00,ndxt
127,7803.2553300635,7896.52352491193,7924.49298619765,7729.80664472386,2023-08-25 05:00:00,ndxt
128,7952.46031718143,7950.99913023911,7984.08403739356,7901.41028019197,2023-08-28 05:00:00,ndxt
129,7946.25717679994,8163.8932458764,8175.43059073133,7940.36963825874,2023-08-29 05:00:00,ndxt
130,8157.90125971023,8231.305613626,8243.09045919014,8125.17228420293,2023-08-30 05:00:00,ndxt
131,8251.08152859051,8323.49804752958,8353.8158542112,8250.95401309159,2023-08-31 05:00:00,ndxt
132,8378.37990825111,8373.52582445933,8405.89748976097,8317.2434965603,2023-09-01 05:00:00,ndxt
133,8334.08471619264,8402.30526507189,8438.36694772744,8313.27468389648,2023-09-05 05:00:00,ndxt
134,8368.41495827015,8376.85804684539,8444.32007700498,8307.16641074426,2023-09-06 05:00:00,ndxt
135,8229.89124208374,8280.89771293512,8300.62865734149,8181.98536110305,2023-09-07 05:00:00,ndxt
136,8269.14370142194,8264.27150129392,8319.58257023913,8240.26614654608,2023-09-08 05:00:00,ndxt
137,8339.69813832316,8339.62630625865,8351.70332307208,8244.37838762526,2023-09-11 05:00:00,ndxt
138,8256.18440781838,8221.59651804073,8348.68545071999,8221.30188535675,2023-09-12 05:00:00,ndxt
139,8221.86049621933,8243.2093515313,8303.29763000865,8211.66512362443,2023-09-13 05:00:00,ndxt
140,8304.94535880704,8303.99751519813,8328.36777905856,8216.21356442622,2023-09-14 05:00:00,ndxt
141,8244.23053430652,8087.2790188128,8252.24387699328,8054.01995287852,2023-09-15 05:00:00,ndxt
142,8042.31536612253,8126.1976737743,8145.79524466526,8041.11228528338,2023-09-18 05:00:00,ndxt
143,8080.50915934081,8077.79743654521,8094.07357751608,7999.14701477268,2023-09-19 05:00:00,ndxt
144,8095.81977236659,7955.840834442,8138.35500174097,7954.76807516147,2023-09-20 05:00:00,ndxt
145,7862.60880885018,7794.94373417993,7909.24543554407,7793.50591304976,2023-09-21 05:00:00,ndxt
146,7852.19687640474,7855.82587696734,7935.81158490564,7832.35062575711,2023-09-22 05:00:00,ndxt
147,7857.89910011771,7857.89910011771,7857.89910011771,7857.89910011771,2023-09-23 05:00:00,ndxt
148,7810.829718274,7877.51289866096,7878.51707602408,7786.4802381843,2023-09-25 05:00:00,ndxt
149,7822.55288527019,7753.66867867351,7835.23348969636,7723.11831851842,2023-09-26 05:00:00,ndxt
150,7808.80397470412,7812.89386455616,7864.43148640998,7714.01862947916,2023-09-27 05:00:00,ndxt
151,7758.41477743465,7901.65902523778,7968.27294376379,7737.46285592633,2023-09-28 05:00:00,ndxt
152,8021.26527413634,7939.24049412376,8061.96183176966,7923.89317558887,2023-09-29 05:00:00,ndxt
153,7955.86758635614,7997.33229178516,8046.13948327035,7925.26373790253,2023-10-02 05:00:00,ndxt
154,7927.37774081354,7800.08181263617,8006.20461818755,7760.52813278402,2023-10-03 05:00:00,ndxt
155,7842.11560943691,7907.02302743983,7925.3554478129,7799.8580794395,2023-10-04 05:00:00,ndxt
156,7904.43552802201,7873.28660274133,7911.05334003637,7784.67358031346,2023-10-05 05:00:00,ndxt
157,7821.49526760765,8093.70494405028,8125.11172998667,7798.79168965714,2023-10-06 05:00:00,ndxt
158,8028.02119790218,8126.17898175288,8145.24485238587,7998.18782374713,2023-10-09 05:00:00,ndxt
159,8149.45161198295,8216.12700593654,8281.49214128831,8139.76460047087,2023-10-10 05:00:00,ndxt
160,8246.29992915142,8259.80614839509,8287.67728085076,8187.03993424874,2023-10-11 05:00:00,ndxt
161,8274.32029983865,8223.82468257373,8341.24452915254,8162.2824947305,2023-10-12 05:00:00,ndxt
162,8238.34720559816,8074.41122629769,8240.44849719538,8043.64452145232,2023-10-13 05:00:00,ndxt
163,8076.78419255413,8082.06764564219,8082.06764564219,8076.75846512353,2023-10-14 05:00:00,ndxt
164,8102.44481381929,8179.34271771222,8211.49103177905,8099.38742985979,2023-10-16 05:00:00,ndxt
165,8055.21988525017,8167.07323950772,8212.70642221273,8035.29212689449,2023-10-17 05:00:00,ndxt
166,8076.07826486059,8048.35354218675,8136.33206182348,8025.16572083785,2023-10-18 05:00:00,ndxt
167,8113.50456701403,7946.52827523753,8116.67159181575,7923.47653225744,2023-10-19 05:00:00,ndxt
168,7932.59628009034,7801.00127726931,7957.72979924089,7782.72396318631,2023-10-20 05:00:00,ndxt
169,7761.85751915867,7784.73321962243,7891.29856248387,7689.45875869692,2023-10-23 05:00:00,ndxt
170,7834.61467070977,7884.51541291113,7909.23656560095,7793.36501930668,2023-10-24 05:00:00,ndxt
171,7800.57815054022,7599.62628374753,7806.5391587823,7582.55859102595,2023-10-25 05:00:00,ndxt
172,7623.79105966897,7528.81951227102,7691.19261526492,7485.81236414171,2023-10-26 05:00:00,ndxt
173,7616.57921334032,7579.22054150463,7648.565904883,7553.41995132059,2023-10-27 05:00:00,ndxt
174,7575.56215819192,7548.64855267275,7610.16824270794,7494.64253488573,2023-10-30 05:00:00,ndxt
175,7568.76710837216,7610.07559677139,7622.29534886918,7484.55268845021,2023-10-31 05:00:00,ndxt
176,7632.1752303419,7715.4773620755,7720.81787841151,7584.5150232604,2023-11-01 05:00:00,ndxt
177,7836.64467788284,7838.19380526665,7854.22701596877,7759.10641326479,2023-11-02 05:00:00,ndxt
178,7825.12909751148,7976.96413840093,8019.48645182054,7820.89680911395,2023-11-03 05:00:00,ndxt
179,7995.73232178004,7946.65788461277,8003.12160512347,7873.97471978493,2023-11-06 06:00:00,ndxt
180,8037.19961431907,8103.44726720377,8148.67034045496,7999.3033356038,2023-11-07 06:00:00,ndxt
181,8107.65329086929,8121.16019859187,8156.40457899738,8070.80052092241,2023-11-08 06:00:00,ndxt
182,8158.98483072583,8065.13596746549,8223.91591673345,8055.13247476745,2023-11-09 06:00:00,ndxt
183,8116.29615889264,8323.83168064558,8331.57749138651,8104.7618892867,2023-11-10 06:00:00,ndxt
184,8272.15196148652,8289.8760506328,8314.16513477197,8232.07083159185,2023-11-13 06:00:00,ndxt
185,8466.35970066397,8562.47277277553,8578.61466497173,8460.00491336158,2023-11-14 06:00:00,ndxt
186,8617.77234813299,8575.30221588885,8657.75317844214,8543.63953079006,2023-11-15 06:00:00,ndxt
187,8513.60461989684,8579.09558777657,8600.94857031745,8510.30101648432,2023-11-16 06:00:00,ndxt
188,8549.18873062654,8619.82727238026,8637.61172408973,8549.18873062654,2023-11-17 06:00:00,ndxt
189,8639.62532843347,8758.74902803306,8780.85540419858,8639.08946064701,2023-11-20 06:00:00,ndxt
190,8684.98839572874,8671.4464454823,8709.26300031402,8631.95179033862,2023-11-21 06:00:00,ndxt
191,8718.37031603009,8672.38474480085,8781.10903828865,8662.79314040857,2023-11-22 06:00:00,ndxt
192,8653.8319240102,8691.25927345551,8693.0188336622,8643.60279211841,2023-11-24 06:00:00,ndxt
193,8662.54775592351,8677.03464330952,8743.48288991181,8642.86051040646,2023-11-27 06:00:00,ndxt
194,8661.84438748257,8673.82017255509,8699.40938463341,8661.15263957804,2023-11-28 06:00:00,ndxt
195,8872.31921754906,8932.57148048605,8936.93229940471,8872.31921754906,2023-11-29 06:00:00,ndxt
196,8898.31414946945,8850.47256859445,8924.80716343607,8765.49123515969,2023-11-30 06:00:00,ndxt
197,8797.75451419851,8878.94001018518,8883.23627526398,8759.92306559115,2023-12-01 06:00:00,ndxt
198,8785.59454482777,8767.81867784272,8791.23906377476,8637.88386576752,2023-12-04 06:00:00,ndxt
199,8690.52098004042,8749.08731285584,8750.90896223819,8665.54236433771,2023-12-05 06:00:00,ndxt
200,8824.40727323812,8787.99314861486,8826.88456490631,8766.533011272,2023-12-06 06:00:00,ndxt
201,8740.3862247319,8846.99906706417,8861.90097869717,8719.44106126091,2023-12-07 06:00:00,ndxt
202,8794.34361047915,8887.07450273764,8906.64030278116,8790.80357596575,2023-12-08 06:00:00,ndxt
203,8930.94112743262,9095.47942088134,9119.73224269436,8927.96137629201,2023-12-11 06:00:00,ndxt
204,9067.74323719816,9184.72788850894,9186.79075782048,9061.55152917953,2023-12-12 06:00:00,ndxt
205,9205.51288364711,9311.25344788303,9336.31407985256,9161.57634749678,2023-12-13 06:00:00,ndxt
206,9372.79497383702,9404.67517695929,9463.04272112714,9317.42006809842,2023-12-14 06:00:00,ndxt
207,9461.76777000596,9483.86006906906,9544.62268152739,9439.62879800299,2023-12-15 06:00:00,ndxt
208,9479.10839942575,9475.24848694964,9497.69362478299,9419.25951774452,2023-12-18 06:00:00,ndxt
209,9481.46233868774,9514.85608250246,9528.81465538774,9481.46233868774,2023-12-19 06:00:00,ndxt
210,9464.98492234991,9344.42392068758,9536.00901210959,9343.25583425227,2023-12-20 06:00:00,ndxt
211,9483.74285002424,9523.1947408689,9533.67247546358,9438.07513919367,2023-12-21 06:00:00,ndxt
212,9586.32813638112,9566.56344052229,9590.66246444314,9502.62689890679,2023-12-22 06:00:00,ndxt
213,9599.42573716941,9661.81696577025,9678.7055454176,9595.78227193637,2023-12-26 06:00:00,ndxt
214,9683.44565444449,9660.16077259517,9697.09477783395,9629.10932747245,2023-12-27 06:00:00,ndxt
215,9680.64212753089,9650.40004712432,9681.93999419773,9645.99367262285,2023-12-28 06:00:00,ndxt
216,9637.25127610328,9587.91509833101,9662.17399600839,9544.32037292162,2023-12-29 06:00:00,ndxt
217,9446.3687386454,9286.97839582605,9462.15947730043,9231.62714889912,2024-01-02 06:00:00,ndxt
218,9141.42138175569,9152.49420636744,9219.83482940931,9137.93271821705,2024-01-03 06:00:00,ndxt
219,9066.85407160783,9098.91098864496,9168.78378617259,9066.85407160783,2024-01-04 06:00:00,ndxt
220,9096.9781647654,9122.2672511668,9197.6157802724,9090.35508914388,2024-01-05 06:00:00,ndxt
221,9181.68976832291,9382.04175086425,9384.84678511009,9180.85281123155,2024-01-08 06:00:00,ndxt
222,9299.14504452991,9431.27359445559,9472.59830824801,9298.88059196832,2024-01-09 06:00:00,ndxt
223,9449.64540455961,9488.72005130292,9512.88740072882,9373.67646250301,2024-01-10 06:00:00,ndxt
224,9530.49240698285,9539.05621639276,9575.06384372815,9389.30775568033,2024-01-11 06:00:00,ndxt
225,9558.39117450273,9534.17327075136,9601.13600180548,9498.59769749339,2024-01-12 06:00:00,ndxt
226,9491.41571953274,9562.14100021265,9607.20893826647,9467.72679254239,2024-01-16 06:00:00,ndxt
227,9477.74299149963,9485.01435971577,9493.36158984878,9335.31787634723,2024-01-17 06:00:00,ndxt
228,9648.50088427221,9658.96915846269,9668.95941967748,9548.19091858523,2024-01-18 06:00:00,ndxt
229,9728.86732551082,9921.77258305609,9923.77664443659,9714.26937850193,2024-01-19 06:00:00,ndxt
230,10029.81584585297,9994.59794108531,10076.12146263631,9957.44958015299,2024-01-22 06:00:00,ndxt
231,10012.48340919917,10035.02700899277,10040.71424501135,9936.33444170155,2024-01-23 06:00:00,ndxt
232,10148.64666189378,10103.12341409021,10224.11573994289,10086.79775326584,2024-01-24 06:00:00,ndxt
233,10232.4953099786,10092.35265676126,10236.41457990666,10044.74619335523,2024-01-25 06:00:00,ndxt
234,9969.63322946127,9947.7064059287,10038.89536512239,9935.58809623642,2024-01-26 06:00:00,ndxt
235,9964.56639394902,10077.2895010856,10077.9053018623,9949.51915249013,2024-01-29 06:00:00,ndxt
236,10034.64576832367,9974.81570707227,10065.83107198035,9943.26179035493,2024-01-30 06:00:00,ndxt
237,9801.81099654804,9797.67869681625,9950.59332467239,9758.06758474088,2024-01-31 06:00:00,ndxt
238,9845.22569828596,9888.86434243042,9910.07774067398,9782.0861794968,2024-02-01 06:00:00,ndxt
239,9876.65441315115,10021.7159435311,10044.39045797617,9860.11338356043,2024-02-02 06:00:00,ndxt
240,10038.91729635062,10017.66082294972,10055.41975457629,9910.21817282942,2024-02-05 06:00:00,ndxt
241,10067.2250729445,9966.25181299001,10068.77945945657,9866.7868562951,2024-02-06 06:00:00,ndxt
242,10062.26139827472,10145.02290029232,10166.997636537,10016.58654056964,2024-02-07 06:00:00,ndxt
243,10166.78115810128,10256.30453356085,10296.26067989096,10155.05759700843,2024-02-08 06:00:00,ndxt
244,10332.92802433246,10435.11995818341,10467.30877803233,10304.27918612217,2024-02-09 06:00:00,ndxt
245,10421.60808449002,10371.70502197609,10506.30272939183,10354.05458154722,2024-02-12 06:00:00,ndxt
246,10027.35969732658,10154.50432381404,10259.56002851695,10027.35969732658,2024-02-13 06:00:00,ndxt
247,10283.89847193616,10347.87323868644,10351.11587775068,10233.82320616434,2024-02-14 06:00:00,ndxt
248,10387.86379567369,10342.72186482646,10399.65429891191,10287.50015431492,2024-02-15 06:00:00,ndxt
249,10345.86070389393,10225.03192794826,10373.45564787062,10201.88628262884,2024-02-16 06:00:00,ndxt
250,10150.83051471843,10122.29768663847,10191.37011125897,9987.28493451653,2024-02-20 06:00:00,ndxt
251,9850.40782100401,9939.39390147888,9940.77419431075,9826.78909696432,2024-02-21 06:00:00,ndxt
252,10292.08395644328,10306.17836668134,10335.30261885035,10217.74226024375,2024-02-22 06:00:00,ndxt
253,10359.09223586023,10265.71489702232,10384.92148705062,10232.55664897888,2024-02-23 06:00:00,ndxt
254,10313.87324651578,10329.9226354147,10389.4287925426,10282.67117332544,2024-02-26 06:00:00,ndxt
255,10370.89983145343,10347.51184748061,10422.41498195701,10315.00629714569,2024-02-27 06:00:00,ndxt
256,10260.09560058511,10257.57624910997,10295.94816752493,10228.16458097183,2024-02-28 06:00:00,ndxt
257,10352.30601352296,10411.777862084,10427.28067490837,10276.47857032467,2024-02-29 06:00:00,ndxt
258,10452.32605589344,10606.22794312643,10636.80874223133,10422.44387812001,2024-03-01 06:00:00,ndxt
259,10638.11754246957,10606.41548498866,10670.76831329114,10579.76883967665,2024-03-04 06:00:00,ndxt
260,10480.39715256367,10332.7601412154,10489.52184893751,10255.24303439389,2024-03-05 06:00:00,ndxt
261,10542.00672911824,10475.54047026181,10566.62708151857,10407.91123272231,2024-03-06 06:00:00,ndxt
262,10568.56651414459,10686.64842986108,10719.26961035896,10530.21650522594,2024-03-07 06:00:00,ndxt
263,10672.33199336087,10415.32958308668,10724.91949182635,10408.53024355409,2024-03-08 06:00:00,ndxt
264,10335.13743286195,10359.63869161699,10387.09608863644,10254.67221765569,2024-03-11 05:00:00,ndxt
265,10449.83699519439,10530.35080643639,10532.87577465786,10337.08635191494,2024-03-12 05:00:00,ndxt
266,10466.63462426006,10391.86298850208,10475.08637736062,10361.19396739124,2024-03-13 05:00:00,ndxt
267,10401.43186285318,10298.42137892538,10418.42145977103,10226.46490565461,2024-03-14 05:00:00,ndxt
268,10229.64006682796,10146.98902040615,10242.53918711686,10141.27979486831,2024-03-15 05:00:00,ndxt
269,10277.0782437715,10221.20676677664,10301.50322559362,10212.74104436198,2024-03-18 05:00:00,ndxt
270,10127.838519205,10224.56737092408,10240.6792956982,10067.27962225929,2024-03-19 05:00:00,ndxt
271,10271.4096004109,10372.61914791175,10390.13818587451,10199.53701584091,2024-03-20 05:00:00,ndxt
272,10563.24061748192,10472.43533854976,10595.63875417504,10465.00213851805,2024-03-21 05:00:00,ndxt
273,10443.19241913225,10444.17316545587,10491.3442996718,10377.04658751804,2024-03-22 05:00:00,ndxt
274,10338.66991152385,10388.22165549366,10441.82962797294,10320.15112712451,2024-03-25 05:00:00,ndxt
275,10426.5351520503,10373.64753677857,10467.2281797484,10372.07374265453,2024-03-26 05:00:00,ndxt
276,10465.01659002687,10427.40139245214,10465.7651043468,10324.46113051036,2024-03-27 05:00:00,ndxt
277,10421.24010572451,10420.32913311393,10470.00754100275,10402.60885976831,2024-03-28 05:00:00,ndxt
278,10449.14923928203,10463.69541629268,10549.37988028621,10422.84444411656,2024-04-01 05:00:00,ndxt
279,10300.05799566624,10348.48517825239,10361.97046474836,10253.35430957345,2024-04-02 05:00:00,ndxt
280,10281.74861564938,10372.26430268035,10434.52565578913,10277.01746620271,2024-04-03 05:00:00,ndxt
281,10500.73711680639,10172.50624526947,10520.82407369407,10170.7078063256,2024-04-04 05:00:00,ndxt
282,10213.79905138098,10306.56744050481,10360.46203992195,10182.48297979018,2024-04-05 05:00:00,ndxt
283,10330.40427112168,10309.02080537317,10356.0510777853,10249.68208907597,2024-04-08 05:00:00,ndxt
284,10391.06000641706,10400.31858425732,10416.73822197374,10278.89467336765,2024-04-09 05:00:00,ndxt
285,10241.30153370147,10243.22765959662,10307.9006538716,10193.31867381577,2024-04-10 05:00:00,ndxt
286,10309.70027114743,10419.72326196542,10435.47487704933,10228.59404265799,2024-04-11 05:00:00,ndxt
287,10256.61643836993,10162.0610553719,10284.48991448944,10142.38202465255,2024-04-12 05:00:00,ndxt
288,10254.20802965439,9976.71719903968,10268.84524802632,9941.5989475689,2024-04-15 05:00:00,ndxt
289,9971.4729124887,10010.92763299242,10066.92614901517,9945.21235945769,2024-04-16 05:00:00,ndxt
290,10017.07936248528,9816.77652534109,10031.66345102446,9813.73487854888,2024-04-17 05:00:00,ndxt
291,9796.75072686412,9716.70394617755,9848.76480864797,9702.06175050382,2024-04-18 05:00:00,ndxt
292,9669.96664545158,9500.54945829574,9716.73839280054,9458.69983345253,2024-04-19 05:00:00,ndxt
293,9594.19154862453,9631.72524921144,9681.20241746835,9474.05174523556,2024-04-22 05:00:00,ndxt
294,9693.74760881864,9828.81788208163,9871.09932754362,9675.59434527408,2024-04-23 05:00:00,ndxt
295,9978.21666369292,9895.33328833676,10001.52743855178,9829.17482777812,2024-04-24 05:00:00,ndxt
296,9775.94927099434,9893.93096729271,9930.65688699195,9742.33502920414,2024-04-25 05:00:00,ndxt
297,9937.87083100416,10055.63270865777,10090.7389052501,9911.51145650833,2024-04-26 05:00:00,ndxt
298,10061.98167404642,10039.63959226894,10091.76206241739,9984.82313920469,2024-04-29 05:00:00,ndxt
299,10006.06224584958,9845.6832639904,10056.66630431327,9843.39901917836,2024-04-30 05:00:00,ndxt
300,9779.78825123129,9692.11960021197,9948.7804971616,9663.95082679217,2024-05-01 05:00:00,ndxt
301,9814.44159218905,9840.50301583241,9866.88929407165,9649.7961169858,2024-05-02 05:00:00,ndxt
302,9976.71233433142,9982.19499452969,10033.72764162936,9927.30785478961,2024-05-03 05:00:00,ndxt
303,10029.74079457563,10112.97450436928,10112.98348846397,10002.87309864842,2024-05-06 05:00:00,ndxt
304,10084.5920418734,10076.02189898602,10150.38756314923,10072.94913595263,2024-05-07 05:00:00,ndxt
305,10009.26449725485,10061.81259981646,10069.12371881744,9997.67818415713,2024-05-08 05:00:00,ndxt
306,10069.94604599951,10038.43360511664,10083.02928447877,10005.31052144041,2024-05-09 05:00:00,ndxt
307,10098.76792669869,10090.33899975776,10171.79154467936,10061.47686536364,2024-05-10 05:00:00,ndxt
308,10144.43451871999,10140.59176318106,10161.49545360812,10116.11984030256,2024-05-13 05:00:00,ndxt
309,10128.30483676315,10213.48485514591,10221.07353204706,10124.28939833122,2024-05-14 05:00:00,ndxt
310,10305.69930852636,10454.28625077085,10456.71904155044,10280.26097444709,2024-05-15 05:00:00,ndxt
311,10449.95704383756,10436.75161555183,10501.02234848231,10433.34903995078,2024-05-16 05:00:00,ndxt
312,10461.64332715358,10419.30071654582,10471.49149199825,10364.847970473,2024-05-17 05:00:00,ndxt
313,10432.06089817152,10554.50626692465,10568.808243366,10424.56409430437,2024-05-20 05:00:00,ndxt
314,10454.11995887107,10507.09844722893,10515.09810437767,10437.73817575857,2024-05-21 05:00:00,ndxt
315,10566.2578374111,10568.79508192018,10595.29626706491,10489.32488830694,2024-05-22 05:00:00,ndxt
316,10698.17933335092,10495.82414257364,10704.38779542894,10444.49428337175,2024-05-23 05:00:00,ndxt
317,10494.50086862803,10549.21650640723,10616.84688161387,10480.60353821348,2024-05-24 05:00:00,ndxt
318,10592.65322300561,10526.85116546972,10594.29436534412,10462.56886212886,2024-05-28 05:00:00,ndxt
319,10386.54502564118,10396.39924655227,10451.02471436837,10386.54502564118,2024-05-29 05:00:00,ndxt
320,10332.57104995724,10205.23774743558,10348.39041804443,10174.33579020604,2024-05-30 05:00:00,ndxt
321,10188.30904965029,10121.72094342957,10200.25280318638,9887.27162678465,2024-05-31 05:00:00,ndxt
322,10226.2787557539,10119.99321989021,10236.70347531568,9986.28534400718,2024-06-03 05:00:00,ndxt
323,10113.03630968869,10076.18190809756,10113.03630968869,10023.81503187789,2024-06-04 05:00:00,ndxt
324,10213.09740768463,10372.08455120349,10373.18601603263,10192.14262572691,2024-06-05 05:00:00,ndxt
325,10364.69944464724,10342.54282154682,10388.55874179198,10320.83390572629,2024-06-06 05:00:00,ndxt
326,10332.19135886821,10336.93330046377,10390.45950515742,10301.01878373463,2024-06-07 05:00:00,ndxt
327,10284.09573551463,10455.00117540651,10474.52175772293,10280.42254608103,2024-06-10 05:00:00,ndxt
328,10422.45456919073,10511.93325344777,10513.70341778979,10375.6532048565,2024-06-11 05:00:00,ndxt
329,10634.00298933733,10724.43050031421,10743.23571847807,10626.77899793997,2024-06-12 05:00:00,ndxt
330,10727.26205621661,10686.6971231505,10765.67238424833,10634.0654351982,2024-06-13 05:00:00,ndxt
331,10673.11132864573,10713.4274649617,10720.2111599591,10645.75432791431,2024-06-14 05:00:00,ndxt
332,10726.59917072637,10850.75068926129,10872.5855680721,10668.96035512341,2024-06-17 05:00:00,ndxt
333,10857.00403306395,10883.35369143582,10914.78986199495,10851.44440902051,2024-06-18 05:00:00,ndxt
334,10908.11544233597,10733.54878837457,10908.11544233597,10698.82676366813,2024-06-20 05:00:00,ndxt
335,10713.18380939995,10742.46030385202,10769.51329493755,10640.32317864718,2024-06-21 05:00:00,ndxt
336,10684.31050209097,10582.27921120661,10732.24307907475,10579.42659102015,2024-06-24 05:00:00,ndxt
337,10628.6095996787,10689.95551221716,10699.94094070725,10580.15732673474,2024-06-25 05:00:00,ndxt
338,10663.92319081364,10696.84469607546,10719.20115196203,10642.58669627509,2024-06-26 05:00:00,ndxt
339,10692.12366791854,10749.35947613014,10782.01527716522,10687.25564076242,2024-06-27 05:00:00,ndxt
340,10785.4240029743,10790.65137618926,10940.81284360313,10756.76597691248,2024-06-28 05:00:00,ndxt
341,10797.38656496754,10832.36709902298,10839.92998584298,10662.36655618392,2024-07-01 05:00:00,ndxt
342,10797.08151829452,10943.98991782074,10945.81689591424,10795.30430664777,2024-07-02 05:00:00,ndxt
343,10945.15559126031,11024.34832744784,11049.80541796503,10940.9698067599,2024-07-03 05:00:00,ndxt
344,11047.32584383027,11152.76124837864,11162.21872489414,11023.568194801,2024-07-05 05:00:00,ndxt
